Top pages,Clicks,Impressions,CTR,Position
https://amyelectric.com/,25,563,4.44%,12.3
https://amyelectric.com/blog/california-electrical-code-changes-2026,22,1113,1.98%,8.57
http://amyelectric.com/,4,28,14.29%,2.25
https://amyelectric.com/blog/la-electrical-code-requirements,3,944,0.32%,32.53
https://amyelectric.com/panel-upgrade,2,472,0.42%,49.38
https://amyelectric.com/blog/panel-upgrade-cost-los-angeles,2,428,0.47%,21.1
https://amyelectric.com/blog/gfci-afci-protection-la,2,311,0.64%,18.19
https://amyelectric.com/blog/tesla-wall-connector-vs-other-ev-chargers,1,589,0.17%,30.42
https://amyelectric.com/blog/ev-charger-installation-cost-la,1,517,0.19%,87.86
https://amyelectric.com/ceiling-fan-installation,1,348,0.29%,51.24
https://amyelectric.com/city-woodland-hills,1,279,0.36%,51.7
https://amyelectric.com/blog/ev-vs-gas-vehicle-cost-los-angeles,1,254,0.39%,12.35
https://amyelectric.com/surge-protection,1,177,0.56%,20.33
https://amyelectric.com/city-culver-city,1,164,0.61%,37.85
https://amyelectric.com/blog/commercial-electrical-la,1,146,0.68%,25.59
https://amyelectric.com/blog/electrical-contractor-vs-handyman-la,1,127,0.79%,32.07
https://amyelectric.com/blog/ceiling-fan-installation-cost-la,1,109,0.92%,34.68
https://amyelectric.com/licensed-electrician-los-angeles,1,55,1.82%,13.2
https://amyelectric.com/smoke-co-detector-installation,1,47,2.13%,13.81
https://amyelectric.com/generator-transfer-switch,1,38,2.63%,11.16
https://amyelectric.com/panel-upgrade-burbank,1,23,4.35%,10.52
https://www.amyelectric.com/blog/smoke-co-detector-installation-la,1,12,8.33%,15
https://amyelectric.com/services,1,9,11.11%,98.33
https://www.amyelectric.com/outlet-switch-installation,1,6,16.67%,10.33
https://amyelectric.com/panel-upgrade-culver-city,1,4,25%,8
https://amyelectric.com/blog/whole-home-rewiring-guide,0,3444,0%,37.66
https://amyelectric.com/emergency-electrician,0,1291,0%,44.96
https://amyelectric.com/blog/emergency-electrician-los-angeles,0,841,0%,12.58
https://amyelectric.com/tesla-charger-installation,0,825,0%,56.92
https://amyelectric.com/blog/breaker-keeps-tripping-causes,0,501,0%,78.07
https://amyelectric.com/blog/ev-charging-benefits,0,362,0%,73.42
https://amyelectric.com/same-day-electrical-repair,0,360,0%,37.15
https://amyelectric.com/city-sherman-oaks,0,348,0%,35.64
https://amyelectric.com/city-van-nuys,0,344,0%,40.05
https://amyelectric.com/city-beverly-hills,0,343,0%,48.59
https://amyelectric.com/blog/electrical-inspection-cost-los-angeles,0,341,0%,43.19
https://amyelectric.com/city-burbank,0,336,0%,50.68
https://amyelectric.com/commercial-electrical,0,330,0%,71.75
https://amyelectric.com/ev-charger-installation,0,279,0%,53.72
https://amyelectric.com/city-studio-city,0,265,0%,25.65
https://amyelectric.com/blog/generator-installation-cost-la,0,257,0%,71.57
https://amyelectric.com/city-santa-monica,0,255,0%,27.82
https://amyelectric.com/lighting-installation,0,254,0%,37.13
https://amyelectric.com/city-calabasas,0,253,0%,35.89
https://amyelectric.com/city-encino,0,239,0%,47.93
https://amyelectric.com/blog/panel-upgrade-vs-rewiring,0,215,0%,30.74
https://amyelectric.com/blog/ladwp-ev-charger-rebate-guide-2026,0,212,0%,11.97
https://amyelectric.com/blog/ev-charger-levels-explained,0,198,0%,82.81
https://amyelectric.com/panel-100a-vs-200a,0,191,0%,48.55
https://amyelectric.com/blog/dedicated-circuit-installation-cost,0,187,0%,12.25
https://amyelectric.com/power-outage-repair,0,174,0%,37.22
https://amyelectric.com/ev-charger-hardwired-vs-plug-in,0,168,0%,49.56
https://amyelectric.com/blog/choosing-electrician-la,0,143,0%,41.22
https://amyelectric.com/city-hollywood,0,139,0%,29.6
https://amyelectric.com/blog/surge-protector-vs-power-strip,0,138,0%,74.36
https://amyelectric.com/city-glendale,0,131,0%,46.02
https://amyelectric.com/burning-smell-panel,0,126,0%,18.12
https://amyelectric.com/blog/ev-charging-los-angeles,0,97,0%,16.96
https://www.amyelectric.com/blog/ladwp-ev-charger-rebate-guide-2026,0,95,0%,15.46
https://amyelectric.com/city-north-hollywood,0,81,0%,56.88
https://amyelectric.com/blog/smart-home-electrical-upgrades,0,81,0%,94.49
https://amyelectric.com/city-pasadena,0,80,0%,57.34
https://amyelectric.com/blog/whole-home-rewiring-cost-la,0,74,0%,14.32
https://amyelectric.com/blog/electrical-safety-tips-homeowners-la,0,62,0%,28.76
https://amyelectric.com/testimonials,0,59,0%,3.93
https://amyelectric.com/privacy-policy,0,51,0%,8.86
https://amyelectric.com/electrical-repair,0,51,0%,10.2
https://amyelectric.com/city-los-angeles,0,49,0%,23.88
https://amyelectric.com/blog/la-electrical-safety-tips,0,47,0%,17.19
https://amyelectric.com/whole-home-rewiring,0,40,0%,24.6
https://amyelectric.com/blog/,0,38,0%,22.42
https://amyelectric.com/city-west-la,0,38,0%,27.82
https://amyelectric.com/emergency-electrician-los-angeles,0,35,0%,18.34
https://amyelectric.com/about,0,31,0%,3.81
https://amyelectric.com/ev-charger-installation-van-nuys,0,30,0%,17.6
https://amyelectric.com/blog/panel-upgrade-timeline,0,29,0%,41.45
https://amyelectric.com/gallery,0,26,0%,5.85
https://amyelectric.com/blog/power-outage-what-to-do,0,23,0%,57.78
https://www.amyelectric.com/ev-charger-installation-glendale,0,21,0%,11.38
https://amyelectric.com/blog/ceiling-fan-installation-la,0,21,0%,49.52
https://amyelectric.com/blog/panel-upgrade-signs,0,20,0%,29.05
https://amyelectric.com/blog/outdoor-lighting-installation-la,0,18,0%,31.28
https://amyelectric.com/blog/rewire-without-opening-walls,0,17,0%,17.76
https://amyelectric.com/electrician-woodland-hills,0,16,0%,55.5
https://amyelectric.com/ev-charger-installation-calabasas,0,15,0%,36.07
https://amyelectric.com/blog/electrical-fire-prevention,0,15,0%,55.4
https://amyelectric.com/ev-charger-installation-woodland-hills,0,14,0%,30.29
https://amyelectric.com/blog/generator-maintenance-tips,0,10,0%,68.5
https://amyelectric.com/panel-upgrade-north-hollywood,0,9,0%,16.89
https://amyelectric.com/breaker-tripping,0,9,0%,29
https://amyelectric.com/panel-upgrade-calabasas,0,9,0%,41.44
https://amyelectric.com/electrician-burbank,0,9,0%,51.89
https://amyelectric.com/blog/ladwp-electrical-requirements-new-customers,0,8,0%,7.38
https://amyelectric.com/panel-upgrade-pasadena,0,8,0%,10.5
https://www.amyelectric.com/ev-charger-installation-burbank,0,8,0%,20.38
https://amyelectric.com/panel-upgrade-woodland-hills,0,8,0%,48.38
https://amyelectric.com/ev-charger-installation-encino,0,7,0%,6.43
https://amyelectric.com/blog/electrical-permit-los-angeles,0,7,0%,6.86
https://amyelectric.com/whole-home-rewiring-beverly-hills,0,7,0%,82.57
https://amyelectric.com/city-los-angeles.html,0,6,0%,3.5
https://amyelectric.com/ev-charger-installation-north-hollywood,0,6,0%,4.17
https://amyelectric.com/ev-charger-installation-studio-city,0,6,0%,8.83
https://amyelectric.com/ev-charger-installation-burbank,0,6,0%,13.33
https://amyelectric.com/blog/smoke-co-detector-installation-la,0,6,0%,21.83
https://amyelectric.com/ev-charger-installation-glendale,0,6,0%,28.17
https://amyelectric.com/ev-charger-installation-santa-monica,0,5,0%,8.2
https://amyelectric.com/panel-upgrade-santa-monica,0,4,0%,4.5
https://amyelectric.com/services.html,0,4,0%,4.75
https://amyelectric.com/panel-upgrade-beverly-hills,0,4,0%,10.5
https://www.amyelectric.com/electrical-safety-inspections,0,4,0%,78
https://amyelectric.com/panel-upgrade-van-nuys,0,3,0%,1.67
https://www.amyelectric.com/ev-charger-installation-hollywood,0,3,0%,6
https://amyelectric.com/whole-home-rewiring-burbank,0,3,0%,11
https://www.amyelectric.com/ev-charger-installation-calabasas,0,3,0%,17.33
https://www.amyelectric.com/ev-charger-installation-west-la,0,3,0%,25.33
https://amyelectric.com/blog/partial-vs-whole-home-rewire,0,3,0%,30
https://amyelectric.com/panel-upgrade-glendale,0,3,0%,31.33
https://www.amyelectric.com/ev-charger-installation-woodland-hills,0,3,0%,56
https://amyelectric.com/blog/emergency-electrical-repair-what-to-do,0,3,0%,63.67
https://amyelectric.com/whole-home-rewiring-santa-monica,0,2,0%,1
https://amyelectric.com/service-areas,0,2,0%,3.5
https://amyelectric.com/dedicated-circuits,0,2,0%,5
https://amyelectric.com/whole-home-rewiring-west-la,0,2,0%,8.5
https://amyelectric.com/whole-home-rewiring-los-angeles,0,2,0%,13.5
https://amyelectric.com/ev-charger-installation-beverly-hills,0,2,0%,15.5
https://amyelectric.com/ev-charger-installation-hollywood,0,2,0%,25.5
https://amyelectric.com/panel-upgrade-los-angeles,0,2,0%,45
https://amyelectric.com/ev-charger-installation-culver-city,0,2,0%,46.5
https://amyelectric.com/ev-charger-installation-los-angeles,0,2,0%,47.5
https://amyelectric.com/electrician-pasadena,0,2,0%,85.5
https://amyelectric.com/blog/signs-home-needs-rewiring,0,2,0%,94.5
https://amyelectric.com/electrical-safety-inspections,0,1,0%,1
https://amyelectric.com/ev-charger-installation-pasadena,0,1,0%,1
https://amyelectric.com/panel-upgrade-encino,0,1,0%,2
https://amyelectric.com/ev-charger-installation-sherman-oaks,0,1,0%,5
https://amyelectric.com/ev-charger-installation-west-la,0,1,0%,9
https://amyelectric.com/outlet-switch-installation,0,1,0%,20
https://amyelectric.com/electrician-los-angeles,0,1,0%,46
https://amyelectric.com/blog/knob-and-tube-wiring-replacement-guide,0,1,0%,52
https://amyelectric.com/electrician-glendale,0,1,0%,80
https://amyelectric.com/blog/ev-charger-installation-guide-la-homeowners,0,1,0%,85
https://www.amyelectric.com/generator-transfer-switch,0,1,0%,89