Top queries,Clicks,Impressions,CTR,Position
amy electric,7,23,30.43%,1.87
california electrical code 2026,1,17,5.88%,3.94
whole home rewiring,0,2727,0%,41.23
home rewiring,0,499,0%,23.24
emergency electrician los angeles,0,404,0%,17.07
tesla charger installation,0,338,0%,67.77
electrician sherman oaks,0,296,0%,37.04
24/7 electrician,0,214,0%,45.58
electrician studio city,0,192,0%,25.91
24 hour electrician los angeles,0,186,0%,40.29
electrician encino,0,181,0%,55.22
electrician woodland hills,0,176,0%,54.12
commercial electrician los angeles,0,175,0%,77.11
electrician van nuys,0,170,0%,56.03
ev charger installation renovation cost,0,162,0%,222.05
electrician burbank,0,152,0%,55.82
code-perfect electrical installations,0,147,0%,70.06
electrical panel upgrade los angeles,0,136,0%,62.94
generator installation cost,0,133,0%,82.32
power outage repair,0,126,0%,40.71
electrical emergency service,0,123,0%,38.74
ev charger installation los angeles,0,94,0%,63.04
same day electrician los angeles,0,90,0%,17.94
ceiling fan installations,0,87,0%,45.47
los angeles electrical safety,0,86,0%,26.53
ev charger installation benefits,0,84,0%,97.21
beverly hills electrician,0,78,0%,42.4
what causes a circuit breaker to trip,0,74,0%,86.35
after hours electrician los angeles,0,71,0%,35.61
electrical safety inspection cost,0,70,0%,25.8
same day electrical repair los angeles,0,69,0%,13.68
tesla connector alternatives,0,68,0%,31.69
why do breakers trip,0,68,0%,76.59
tesla charger vs others,0,61,0%,17.31
ceiling fan installation los angeles,0,60,0%,39.35
property benefits ev charger,0,59,0%,57.85
standby generator installation cost,0,59,0%,74.9
is it same day electrical repair los angeles,0,57,0%,10.32
commercial electric installation,0,57,0%,32.81
updating electrical wiring,0,57,0%,35.28
electrical wiring upgrade,0,56,0%,32.71
24 hour emergency electrician la,0,55,0%,15.65
emergency electrical repair,0,55,0%,52.87
200 amp panel upgrade tucson,0,55,0%,70.55
electrician north hollywood,0,53,0%,59.66
electrician santa monica,0,50,0%,36.16
electrical contractor burbank,0,50,0%,48.96
what causes a breaker to trip,0,48,0%,79.81
recessed lighting installation los angeles,0,47,0%,21.47
professional ev charger benefits,0,46,0%,51.22
whole-home rewiring,0,44,0%,23.7
electrical emergency electrician,0,43,0%,55.09
electrical panel upgrade near me,0,42,0%,18.05
electrician near me,0,41,0%,19.73
gfci and afci protection check,0,41,0%,43.93
urgent electrical service in los angeles,0,40,0%,19.35
electric wiring upgrade,0,39,0%,30.15
electrician in santa monica,0,39,0%,32.97
emergency electrician los angeles ca,0,37,0%,12.38
ev charger installation van nuys,0,36,0%,16.17
electrician calabasas,0,35,0%,39.89
factory certified fan installation,0,35,0%,66.51
electrical inspection los angeles,0,34,0%,72.24
importance certified ev charger installer,0,34,0%,73.56
emergency electricians in my area los angeles ca,0,33,0%,14.48
emergency fuse box services los angeles ca,0,33,0%,14.58
electrician in beverly hills,0,33,0%,38.94
tesla wall charger installer,0,32,0%,61.47
can handyman do electrical work,0,32,0%,62.53
tesla wall connector vs universal charger,0,31,0%,29.58
same day electrician,0,31,0%,40.55
culver city electrician,0,31,0%,52.84
tesla wall connector installer,0,31,0%,58.74
ev charger installation cost los angeles,0,30,0%,22.4
electrical services calabasas,0,30,0%,31.87
tesla wall connector installation electrician,0,30,0%,53.63
ev charging installation home value,0,30,0%,92.2
emergency electrical repair los angeles ca,0,29,0%,16.83
surge protection services los angeles,0,29,0%,22.31
emergency electrician 24/7,0,29,0%,46.03
dedicated circuit installation beverly hills,0,29,0%,66.31
xplug vs wallbox,0,29,0%,80.14
emergency electrical service los angeles ca,0,28,0%,15.18
electrician beverly hills,0,28,0%,42.25
cost to install a dedicated circuit,0,27,0%,25.81
surge protector vs power strip,0,27,0%,76.19
smart home wiring renovation cost,0,27,0%,240.3
wiring and rewiring,0,26,0%,35.5
tesla charge installation,0,26,0%,53.73
electrical rewiring for historic santa monica homes,0,25,0%,7.64
smart home electrical,0,25,0%,16.04
electrician culver city,0,25,0%,49
circuit breaker installation beverly hills,0,25,0%,76.12
24 hour emergency electrician los angeles ca,0,22,0%,14.23
whole house wiring,0,22,0%,25.55
emergency electrician,0,22,0%,33.86
lighting installation los angeles,0,22,0%,49.86
hardwired ev charger,0,22,0%,63.09
commercial electrician culver city,0,21,0%,23.05
tesla wall connector vs universal wall connector,0,21,0%,28.76
tesla wall connector electrician,0,21,0%,46.29
electrical inspection cost,0,21,0%,55.43
fitness center fan installation,0,21,0%,59.19
tesla charger installation allen,0,21,0%,70.29
emergency electricians los angeles ca,0,20,0%,14.55
recessed lighting installation near me,0,20,0%,36.5
kitchen rewiring,0,19,0%,34.05
tesla charger installer,0,19,0%,54.32
200 amp panel upgrade plano,0,19,0%,62.37
level 3 ev charger,0,19,0%,76.68
electric car charger installation van nuys,0,18,0%,25.56
electrician emergency services,0,18,0%,50.5
ev charger installation glendale,0,18,0%,51
burbank electrician,0,18,0%,54.78
ceiling fan installation near me,0,18,0%,64.11
100 amp vs 200 amp panel,0,18,0%,65.33
why does a breaker keep tripping,0,18,0%,80.22
cost to install ceiling fan in kent county,0,17,0%,53.88
24 hour electrician los angeles ca,0,16,0%,30.25
choosing an electrician,0,16,0%,56.25
24/7 after-hours emergency electrician,0,16,0%,56.75
amj electricians los angeles,0,15,0%,13.07
los angeles emergency electrician,0,15,0%,19.8
electric company van nuys,0,15,0%,24.8
commercial electrical code compliance in los angeles,0,15,0%,39.47
electrician hollywood ca,0,15,0%,44.47
electrical panel repair glendale,0,15,0%,82.07
electrical panel replacement near me,0,14,0%,11.5
home rewiring los angeles,0,14,0%,14.43
los angeles house rewire,0,14,0%,17.71
la ceiling fan installation,0,14,0%,37.79
zappi vs tesla wall charger,0,14,0%,48.64
ev charger installation calabasas,0,14,0%,52.64
los angeles commercial electrician,0,14,0%,64.57
commercial electrician service los angeles ca,0,14,0%,65.64
ami electrical,0,14,0%,77.21
electrical panel upgrade glendale,0,14,0%,77.93
increase home resale with ev charger,0,14,0%,79.43
level 2 ev charger amps,0,14,0%,85.29
commercial electrician faq,0,13,0%,11.62
santa monica electrician,0,13,0%,44.54
tesla approved wall charger installation,0,13,0%,53.85
electrictrician company near me glendale,0,13,0%,63.23
electrical wiring and panel inspection services market,0,13,0%,66.46
electrical panel upgrade woodland hills,0,13,0%,71.38
panel upgrade calabasas,0,13,0%,73.46
residential electrician beverly hills fl,0,13,0%,81
level 2 charger installation,0,13,0%,83.31
electrical emergency services,0,12,0%,20.5
electrician hollywood hills,0,12,0%,34.75
wall charger market,0,12,0%,35.42
24 7 emergency electrical services,0,12,0%,36.5
calabasas electrician,0,12,0%,37.17
electrician in sherman oaks,0,12,0%,40.33
electrician beverly hills ca,0,12,0%,47.5
electrical fire prevention,0,12,0%,56.42
tripped breaker,0,12,0%,64.58
200a,0,12,0%,70.5
circuit breaker keeps tripping,0,12,0%,74.75
electrical permit electrician,0,11,0%,41.45
electrician in burbank,0,11,0%,42.82
electrician woodland hills ca,0,11,0%,51.82
electrician van nuys ca,0,11,0%,55.73
electrical panel upgrade permit los angeles,0,11,0%,56
hardwiring vs plug-in,0,11,0%,61.18
can a handyman do electrical work,0,11,0%,61.64
emergency electrician calabasas,0,11,0%,62.73
tesla wall charger installation cost near me,0,11,0%,63.27
200 amp panel vs 100 amp panel,0,11,0%,65.82
tesla wall charger installation electrician,0,11,0%,67
ev charging benefit,0,11,0%,68.82
ami electric,0,11,0%,78.27
why does the breaker keep tripping,0,11,0%,81.09
electrical panel installation beverly hills fl,0,11,0%,86.36
lighting installer los angeles ca,0,10,0%,35.4
"residential electrician hollywood, ca",0,10,0%,39.3
100a,0,10,0%,49.6
ev charger installation woodland hills,0,10,0%,51.3
electri-c-ity-studios-24-7.com,0,10,0%,57.7
tesla installation,0,10,0%,57.8
200 amps service panel upgrade cost,0,10,0%,65.6
get tesla charger installed,0,10,0%,72.6
electrician to install ceiling fan,0,10,0%,79
is a power strip the same as a surge protector,0,10,0%,82.6
ev charger installation cost,0,10,0%,95.5
home ev charger installation benefits,0,10,0%,99
los angeles 24 hour electrician,0,9,0%,21
can a handyman do electrical work in california,0,9,0%,21.67
electrical services van nuys,0,9,0%,46.44
electrical company burbank,0,9,0%,49
woodland hills electrician,0,9,0%,50.89
electric car charger installation los angeles,0,9,0%,53.78
residential electrician calabasas,0,9,0%,54.89
tesla wall charger electrician,0,9,0%,58
ceiling fan installment,0,9,0%,60.11
electrician encino ca,0,9,0%,66
100 amp panel vs 200 amp panel,0,9,0%,66.44
electrical requirements,0,9,0%,68.56
surge protectors vs power strip,0,9,0%,73
why does my circuit breaker keep tripping,0,9,0%,75.89
electrical panel upgrade beverly hills fl,0,9,0%,79
why would the main breaker keep tripping,0,9,0%,83.22
electrician emergency near me pasadena,0,9,0%,94.67
is it dangerous if circuit breaker keeps tripping,0,9,0%,95.11
electrical services,0,8,0%,11.75
city of los angeles electrical code,0,8,0%,13
whole home rewiring los angeles,0,8,0%,13.25
emergency electrician andres,0,8,0%,20.75
universal ev charger vs tesla wall connector,0,8,0%,37.12
california electrical code,0,8,0%,39.62
electrictrician company near me pasadena,0,8,0%,51
24/7 emergency electrician,0,8,0%,55.5
electrician in culver city,0,8,0%,61
commercial electrician los angeles ca,0,8,0%,63.88
generator maintenance,0,8,0%,64
why does my breaker keep tripping,0,8,0%,65.88
tesla charging station installation temecula ca,0,8,0%,67.38
residential indoor lighting installation in los angeles,0,8,0%,73.75
breaker keeps tripping,0,8,0%,74.38
power strip vs surge protector,0,8,0%,75.88
ev charger home installation cost 2025,0,8,0%,78.25
commercial electricians in los angeles,0,8,0%,78.88
level 3 electric car charger,0,8,0%,85.88
"which contractors handle whole-house electrical rewiring, including permits 
and inspections, in los angeles?",0,7,0%,1
electrical panel upgrades burbank,0,7,0%,14.71
outlet installation near me,0,7,0%,23.14
electric repair los angeles,0,7,0%,25.14
wallbox tesla,0,7,0%,29.71
ev charger installation burbank,0,7,0%,34.29
calabasas electrical services,0,7,0%,41.43
electrical home inspection cost california,0,7,0%,44.14
residential ev level 2 car charger installations in los angeles,0,7,0%,45.43
whole house rewiring flatlands,0,7,0%,45.86
electrician in santa monica ca,0,7,0%,49.71
electrical safety certificate cost,0,7,0%,50.71
ev charger installation central la,0,7,0%,53.86
electric car charging station installation los angeles,0,7,0%,57
panel upgrade los angeles,0,7,0%,57.57
outlet installation calabasas,0,7,0%,62.14
hardwired vs plug in,0,7,0%,63
ceiling fan installation roselawn,0,7,0%,63.43
residential amp panel upgrades in los angeles,0,7,0%,66.71
200 amp vs 100 amp panel,0,7,0%,69.71
ev charger requirement new home los angeles,0,7,0%,72.14
ev charger installation,0,7,0%,72.43
difference between surge protector and power strip,0,7,0%,74
usa electric west hollywood electrician,0,7,0%,74.14
difference between power strip and surge protector,0,7,0%,75.57
https //elephantsands.com/the-benefits-of-installing-ev-chargers-at-home/,0,7,0%,80.71
electrical service panel upgrades los angeles ca,0,7,0%,82.14
electrician second opinion,0,7,0%,83.29
commercial electrical services los angeles,0,7,0%,83.57
why do circuit breakers trip,0,7,0%,83.57
ev charger install cost,0,7,0%,88.29
amylaaa,0,6,0%,1
tesla wall connector vs others,0,6,0%,7.83
los angeles electrical code,0,6,0%,13.67
tesla certified electrician in los angeles,0,6,0%,24.67
whole house rewiring red hook,0,6,0%,27.17
electrician in calabasas,0,6,0%,30.83
24 hour electrician los angeles county,0,6,0%,33.5
sherman oaks electrician,0,6,0%,34.33
van nuys electrician,0,6,0%,54
electrical wiring calabasas,0,6,0%,55.5
100a vs 200a electric service for evs,0,6,0%,55.67
100a vs 200a panel,0,6,0%,60.17
los angeles ev charger installation,0,6,0%,60.17
how long does it take to upgrade electrical panel,0,6,0%,64.83
top best electricians near me pasadena,0,6,0%,64.83
burning smell from panel,0,6,0%,69
100amp vs 200amp panel,0,6,0%,70
200 vs 100 amp panel,0,6,0%,70
commercial electrician in los angeles,0,6,0%,70.83
electric requirements,0,6,0%,71.67
emergency electrician los alamitos,0,6,0%,74.33
circuit breaker tripping,0,6,0%,75.17
local electrical code,0,6,0%,76.33
ceiling fan install costa mesa,0,6,0%,76.83
ceiling fan installation agoura hills,0,6,0%,77.5
how to find an electrician,0,6,0%,78.33
emergency electrician anaheim,0,6,0%,79.5
glendale emergency electrician,0,6,0%,80.67
200 amp panel upgrade poway ca,0,6,0%,83
tesla wall charger installation chapel hill,0,6,0%,88
home surge protector install near me,0,6,0%,88.33
whole home rewiring waverly,0,6,0%,95.17
home ev charging system advantages,0,6,0%,96.83
ev charger installation advantages,0,6,0%,98.67
ev charger installation near me,0,5,0%,3
amy electrical,0,5,0%,6.8
best ev charger installers in santa monica,0,5,0%,7
tesla wall charger alternatives,0,5,0%,28.6
home rewiring los angeles ca,0,5,0%,30.4
ceiling light installation near me,0,5,0%,31
24 hour emergency electrical service,0,5,0%,31.4
commercial electrician calabasas,0,5,0%,32
santa monica electricians,0,5,0%,32.6
burning smell electrical seattle,0,5,0%,43.8
emergency electrical service near me,0,5,0%,46
100 a,0,5,0%,48.2
ceiling fans installed,0,5,0%,48.4
van nuys electrical supply,0,5,0%,51
electrician burbank ca,0,5,0%,55.8
hardwire ev charger,0,5,0%,57
panel upgrade 200 amp cost,0,5,0%,57.6
tesla wall connector installation wa,0,5,0%,58.4
can i do electrical work as a handyman,0,5,0%,59.6
what to do if breaker keeps tripping,0,5,0%,60.4
main breaker tripping before branch circuit,0,5,0%,62.2
electricians beverly hills ca,0,5,0%,63.6
commercial electrician company los angeles ca,0,5,0%,64.8
commercial electricians los angeles ca,0,5,0%,66.4
electricians in north hollywood ca,0,5,0%,66.6
how much does a electric inspection for a home cost,0,5,0%,67.8
hardwired vs plug in ev charger,0,5,0%,68.8
how to find what is tripping my circuit breaker,0,5,0%,69.6
tesla charging station installation murrieta ca,0,5,0%,69.6
electrician beverly hills fl,0,5,0%,70.4
power strips vs surge protectors,0,5,0%,72.8
commercial electric contractor los angeles,0,5,0%,73.2
tesla charging station installation menifee ca,0,5,0%,74.2
beverly hills fl electrician,0,5,0%,74.8
emergency electricians in glendale,0,5,0%,75.2
requirements for electrical installations,0,5,0%,80
level 3 electric vehicle charging,0,5,0%,82
cost to install level 3 charger,0,5,0%,82.4
tesla charger install near me,0,5,0%,82.8
certified ev charger installation,0,5,0%,85.2
ev charger levels,0,5,0%,85.2
how to choose an electrician,0,5,0%,86.2
electrical regulations,0,5,0%,86.6
cieling fan installation near me,0,5,0%,90.6
home backup generator installation cost,0,5,0%,91.6
electrician for remodel pasadena ca,0,5,0%,96.4
residential ev charger benefits,0,5,0%,97.8
"who can handle full electrical rewiring plus lighting upgrades for a 
3-bedroom house near studio city?",0,4,0%,1
california electrical code effective january 1 2026,0,4,0%,4.75
best ev charging installation companies in glendale ca,0,4,0%,6.25
smart home electrical upgrades,0,4,0%,16.5
ev charger installation hollywood,0,4,0%,20.75
whole home rewires,0,4,0%,21.5
lighting installation los angeles ca,0,4,0%,24.75
electrician santa monica ca,0,4,0%,25.25
tesla universal wall connector vs wall connector,0,4,0%,27
los angeles tesla installation,0,4,0%,27.75
electricians in santa monica california,0,4,0%,30.75
electricians in santa monica ca,0,4,0%,31.5
commercial electrical needs,0,4,0%,31.75
24 hour emergency electrical services,0,4,0%,32
electrician emergency,0,4,0%,34.25
generator installation,0,4,0%,35
electrician in burbank ca,0,4,0%,35.75
light fixture installation near me,0,4,0%,35.75
ev installation los angeles,0,4,0%,36.75
los angeles ceiling fan installation,0,4,0%,38.25
surge protection services la,0,4,0%,40.5
electrician emergency service near me,0,4,0%,41.75
electrician studio city ca,0,4,0%,42.75
garage ev charger installation,0,4,0%,47.5
ladwp ev charger rebate,0,4,0%,48.75
ceiling fan installation la,0,4,0%,49.5
200 amp upgrade bay area,0,4,0%,50
electrician culver city ca,0,4,0%,50.75
hard wired ev charger,0,4,0%,58
tesla charging installation,0,4,0%,58
electricians in burbank,0,4,0%,60.75
ev charger installation cost california,0,4,0%,62.5
hardwire charger,0,4,0%,62.5
200 amp panel upgrade cost,0,4,0%,63.75
commercial electrician companies los angeles ca,0,4,0%,64.5
which electrical,0,4,0%,64.75
100 amp vs 200 amp electrical panel,0,4,0%,65.5
24 hour electrician redondo beach,0,4,0%,65.5
what to do if electrical panel smells burning,0,4,0%,65.75
surge protectors vs power strips,0,4,0%,68.5
power outage what to do,0,4,0%,69.25
circuit breaker tripped,0,4,0%,69.5
relocatable power tap vs surge protector,0,4,0%,71
emergency electrician agoura hills,0,4,0%,71.25
level 3 charger,0,4,0%,73.25
home surge protector install anaheim,0,4,0%,73.5
tesla wall connector installation sacramento,0,4,0%,73.75
surge suppressor vs power strip,0,4,0%,74
breaker keeps switching off,0,4,0%,74.25
emergency electrician fullerton,0,4,0%,74.25
tripped circuit breaker,0,4,0%,75.5
house electrical inspection cost,0,4,0%,76.25
cieling fan installation covina,0,4,0%,76.75
circuit keeps tripping,0,4,0%,76.75
outlet installation pasadena ca,0,4,0%,76.75
how do i find a good electrician,0,4,0%,77.25
difference between a power strip and surge protector,0,4,0%,79
what causes a breaker to keep tripping,0,4,0%,79.25
power strip voltage,0,4,0%,79.5
why would a breaker randomly trip,0,4,0%,79.5
breaker keeps tripping in house,0,4,0%,79.75
panel upgrade cost pasadena ca,0,4,0%,80
how to find electrician,0,4,0%,81
commercial electrical los angeles,0,4,0%,82.25
cieling fan installation anaheim,0,4,0%,84.5
electrical service panel upgrades near me,0,4,0%,85
commercial electrical code compliance in southern ca,0,4,0%,88
electrical upgrade for home pasadena ca,0,4,0%,89.5
electricity requirements,0,4,0%,89.5
benefits of installing a home ev charger,0,4,0%,92.5
level 1 vs level 2 ev charger,0,4,0%,95.75
americano electrical solutions,0,3,0%,4
licensed vs unlicensed electrician california why it matters,0,3,0%,5
electric charge point installer,0,3,0%,6
in los angeles,0,3,0%,6.33
"""central city electric"" beverly hills 90210 electrician",0,3,0%,7.33
a & m electric,0,3,0%,9.67
west la electric,0,3,0%,10.33
burbank house rewire,0,3,0%,11
electrical services near me,0,3,0%,17
electrical installations for businesses,0,3,0%,18
residential electrician van nuys,0,3,0%,19.33
"what are the best options for smart home electrical upgrades available in 
my area?",0,3,0%,19.67
commercial electric warranty,0,3,0%,20
emergency electrical service,0,3,0%,22.67
electrical repair los angeles,0,3,0%,26
smart lighting installation near me,0,3,0%,26
california electrical code 2019,0,3,0%,26.67
rewire electrical panel,0,3,0%,30.33
circuit cost,0,3,0%,31
electricians studio city ca,0,3,0%,33.33
can you rewire a house without removing drywall,0,3,0%,34.67
electrician mid-city los angeles,0,3,0%,36
residential ceiling fan installation in los angeles,0,3,0%,36.67
gfci protection is not required for,0,3,0%,37
spd electric,0,3,0%,37
culver electric,0,3,0%,37.33
electric supply van nuys,0,3,0%,38.67
home charging station culver city ca,0,3,0%,39.67
lighting installation la,0,3,0%,41
how much do electrical inspections cost,0,3,0%,43.33
cost of an electrical inspection,0,3,0%,43.67
where is afci protection required,0,3,0%,43.67
commercial electrical services westbank,0,3,0%,44.67
electrical service upgrade los angeles ca,0,3,0%,45.67
replace electrical panel los angeles,0,3,0%,46.33
ceiling fan installed,0,3,0%,48
licensed electrician los angeles ca,0,3,0%,49.33
electrical panel upgrade pasadena ca,0,3,0%,50
how much does an electrical inspection cost,0,3,0%,55.33
tesla wall connector installation service,0,3,0%,56
home electrical testing cost,0,3,0%,56.33
emergency electrical repairs,0,3,0%,58
cost to upgrade electrical panel to 200 amps,0,3,0%,60
tesla connector type,0,3,0%,60
evs providers culver city,0,3,0%,60.33
mini electric for sale calabasas,0,3,0%,60.33
burbank commercial electrician,0,3,0%,61.33
mendoza electric,0,3,0%,61.67
emergency electrician services,0,3,0%,62.67
tesla+charger+installation,0,3,0%,63.33
electricians culver city ca,0,3,0%,64.33
200 amp panel vs 100,0,3,0%,66
electrical code requirements,0,3,0%,67
install my lights,0,3,0%,67.67
level 2 charging installation,0,3,0%,67.67
emergency electrical repairs 24 hours,0,3,0%,68.33
main power breaker keeps tripping,0,3,0%,68.33
electrician to install tesla wall charger,0,3,0%,69.33
electrical panel upgrade los angeles ca,0,3,0%,70.33
breaker replacement glendale,0,3,0%,71.67
electrical installation condition report cost,0,3,0%,72
electrical socket installation pasadena ca,0,3,0%,72
plug in vs hardwired ev charger,0,3,0%,72.33
glendale emergency electricians,0,3,0%,73
what is the difference between surge protector and power strip,0,3,0%,74
why does a breaker trip,0,3,0%,74.67
cost to upgrade electrical panel to 200 amps calculator,0,3,0%,75
residential ceiling fan installation in anaheim,0,3,0%,75
how long does it take to fix a power outage,0,3,0%,75.33
level 3 ev charger installation cost,0,3,0%,76
whole house electrical upgrade los angeles ca,0,3,0%,76
24 hour electrician near me,0,3,0%,77
why does circuit breaker keep tripping,0,3,0%,78
tripping breaker,0,3,0%,79
electrical test certificate cost,0,3,0%,79.33
circuit breakers keep tripping,0,3,0%,80.33
home fuse box replacement services los angeles ca,0,3,0%,80.33
house breaker keeps tripping,0,3,0%,80.33
emergency electrical outlet service,0,3,0%,81.67
smart electrical upgrade,0,3,0%,83
why would a circuit breaker keep tripping,0,3,0%,83
why circuit breaker trips,0,3,0%,83.67
generator install cost,0,3,0%,84
what causes tripping of circuit breakers,0,3,0%,84.67
home rewiring sloughhouse,0,3,0%,87
ev charger install,0,3,0%,87.33
why is circuit breaker tripping,0,3,0%,87.67
commercial electrical installer los angeles ca,0,3,0%,88
electric regulations,0,3,0%,88
ev charging levels,0,3,0%,89.33
level 2 charger installation cost,0,3,0%,89.33
evs provider culver city,0,3,0%,89.67
tesla charger installation gig harbor,0,3,0%,92.33
electrical code corrections poway ca,0,3,0%,93.33
ev charger installation allen,0,3,0%,94.33
residential electrical code,0,3,0%,96
electricians emergency near me pasadena,0,3,0%,97
commercial electrical contractors los angeles,0,3,0%,124
remodel,0,2,0%,2.5
who offers reliable residential electric vehicle charger installation?,0,2,0%,3
amys electrics,0,2,0%,5.5
ev charge point installer,0,2,0%,6
ladwp ev charger rebate 2026,0,2,0%,8
la county,0,2,0%,8.5
"""federal tax credit"" ""electric vehicle"" -site:reddit.com -site:twitter.com 
-site:x.com -site:wykop.pl -site:tripadvisor.com -site:youtube.com 
-site:yelp.com -site:booking.com -site:facebook.com -site:instagram.com 
-site:tiktok.com",0,2,0%,10
200a per,0,2,0%,10
who fixes power outages,0,2,0%,10
ev charging vs gas prices,0,2,0%,11
"which licensed electricians near encino and van nuys specialize in full 
home rewiring?",0,2,0%,11
ladwp,0,2,0%,11.5
panel upgrades and rewiring,0,2,0%,12
"is it licensed electricians offering full home rewiring near encino and van 
nuys?",0,2,0%,13
tesla charger installation near me,0,2,0%,14.5
home rewire,0,2,0%,17
los angeles 200 amp service panel upgrade,0,2,0%,18
electrical wiring and rewiring 19904,0,2,0%,18.5
what are users' experiences with the most popular home charging stations?,0,2,0%,21
electrical rewiring,0,2,0%,21.5
j1772 vs tesla,0,2,0%,24.5
"""handyman la"" ""los angeles""",0,2,0%,25.5
dedicated circuit installation cost,0,2,0%,25.5
california electrical code 2022,0,2,0%,26
electricians santa monica ca,0,2,0%,26
commercial electric operations,0,2,0%,26.5
cost to install dedicated circuit,0,2,0%,27.5
electrician santa monica california,0,2,0%,27.5
electrician in santa monica california,0,2,0%,28
how much does it cost to add a dedicated circuit,0,2,0%,28
electricians in santa monica,0,2,0%,28.5
santa monica house rewire,0,2,0%,28.5
powerwall vs wall connector,0,2,0%,29
rewiring electrical panel,0,2,0%,29
electricians santa monica,0,2,0%,29.5
certified electrician los angeles ca,0,2,0%,30
do dryers need to be gfci protected,0,2,0%,30.5
eicr in los angeles,0,2,0%,30.5
residential smoke detector repair and installation in los angeles,0,2,0%,31
tesla charger vs ev charger,0,2,0%,31
wiring upgrades,0,2,0%,31
tesla wall connector vs wallbox,0,2,0%,31.5
licensed electrician handyman,0,2,0%,34
commercial electrician eula,0,2,0%,36
electrical code updates riverside,0,2,0%,36.5
emergency electrican,0,2,0%,36.5
california electric code,0,2,0%,37.5
electrician los angeles,0,2,0%,37.5
california electrical codes,0,2,0%,39
cost of electrical safety inspection,0,2,0%,39
"electrician near me hollywood, ca",0,2,0%,39
home electrical inspection cost,0,2,0%,39
2019 california electrical code,0,2,0%,40
electrician inspection cost,0,2,0%,40
handyman vs electrician,0,2,0%,40
tesla wall connector gen 3 vs gen 4,0,2,0%,42
electrical inspection certificate cost,0,2,0%,42.5
electrical panel inspection cost,0,2,0%,42.5
los angeles replace electrical panel,0,2,0%,43
my electrician inc,0,2,0%,43.5
electricians burbank ca,0,2,0%,44.5
types of tesla wall chargers,0,2,0%,44.5
ceiling fan installs,0,2,0%,45
200 amp service panel upgrade los angeles,0,2,0%,46
usa electric west hollywood,0,2,0%,46
how long to install ceiling fan,0,2,0%,46.5
installing tesla charger in garage,0,2,0%,46.5
commercial electrical contractors los angeles ca,0,2,0%,47
gfci protection is required for which of the following,0,2,0%,47.5
tesla charger vs chargepoint,0,2,0%,47.5
house rewiring,0,2,0%,48
tesla wall charger installation near me,0,2,0%,49.5
los angeles lighting installation,0,2,0%,50.5
tesla wall connector installers,0,2,0%,50.5
how to choose a licensed electrician,0,2,0%,51
city of garland electrical code,0,2,0%,51.5
tesla charging connector type,0,2,0%,52
commercial electrician woodland hills,0,2,0%,54
request transfer switch quote,0,2,0%,54.5
100 amp panel vs 200 amp,0,2,0%,56
commercial electrician burbank,0,2,0%,56.5
how long does it take to replace an electrical panel,0,2,0%,57
how long does panel upgrade take,0,2,0%,57
100 vs 200 amp panel,0,2,0%,57.5
200 a,0,2,0%,57.5
ceiling fan installer,0,2,0%,59
electrician fleet,0,2,0%,60.5
how much is an electrical inspection,0,2,0%,61
electrical panel upgrade cost in california,0,2,0%,61.5
glendale ca electricians,0,2,0%,61.5
tripping electrical breakers,0,2,0%,61.5
ev charger levels explained,0,2,0%,62
commercial electrical services 90016,0,2,0%,62.5
electrician commercial near me glendale,0,2,0%,62.5
electrical inspection price,0,2,0%,63
mayan electric,0,2,0%,63
commercial electrical service in los angeles,0,2,0%,63.5
nema vs hardwired ev charger,0,2,0%,63.5
difference between 100 amp and 200 amp,0,2,0%,64
emergency electrician glendale,0,2,0%,64
emergency electrician redondo beach,0,2,0%,64.5
circuit breaker trips randomly,0,2,0%,65.5
electricity repair service pasadena ca,0,2,0%,65.5
why does the main breaker keep tripping,0,2,0%,66
power strip vs surge protector vs extension cord,0,2,0%,66.5
emergency electrician hickory hills,0,2,0%,67
home upgrade ev charging,0,2,0%,67
electrical panel replacement glendale,0,2,0%,69.5
electrical system upgrade pasadena ca,0,2,0%,69.5
fan installation charges,0,2,0%,71.5
powerstrip vs surge protector,0,2,0%,72
circuit breaker tripping frequently,0,2,0%,72.5
main breaker keeps tripping,0,2,0%,72.5
electric load letter,0,2,0%,75.5
ev charger level,0,2,0%,75.5
aim electric,0,2,0%,76
what is a surge protector vs power strip,0,2,0%,76
why does a circuit breaker trip,0,2,0%,76.5
why would a breaker trip,0,2,0%,76.5
breaker keeps turning off,0,2,0%,77
power tap vs surge protector,0,2,0%,77
ev level 1 charging,0,2,0%,77.5
ev charger repair los angeles,0,2,0%,78
why does breaker keep tripping,0,2,0%,78
panel upgrade for ev charger allen,0,2,0%,79
main electrical panel upgrade pasadena ca,0,2,0%,80
power outage repair oroville california,0,2,0%,80
local electrical codes,0,2,0%,80.5
why circuit breaker keeps tripping,0,2,0%,80.5
level 2 charger install,0,2,0%,81
new electrical regulations,0,2,0%,81
electrical rewiring tiburon,0,2,0%,82
what causes a circuit breaker to keep tripping,0,2,0%,82.5
what the difference between surge protector and power strip,0,2,0%,82.5
electric car charger installation santa monica,0,2,0%,83
landlord electrical safety certificate legal requirement 2021,0,2,0%,83
ev charger install laguna hills,0,2,0%,83.5
power strip or surge protector,0,2,0%,83.5
commercial electrical services in los angeles,0,2,0%,84.5
electricity certificate cost,0,2,0%,85
surge protector power strip difference,0,2,0%,85
electric car charger levels,0,2,0%,85.5
pasadena residential electrician,0,2,0%,85.5
surge protector vs power strip how to tell,0,2,0%,86
what would cause a circuit breaker to trip,0,2,0%,86
level 1 charging speed,0,2,0%,86.5
electrical repairs in the home,0,2,0%,87
ev outlet installation cost,0,2,0%,87
ev charger install price,0,2,0%,88.5
how fast are level 2 chargers,0,2,0%,88.5
ev charger level 3,0,2,0%,89.5
emergency electrical troubleshooting,0,2,0%,90
level 1 vs level 2 vs level 3 ev charger,0,2,0%,90
what are the different levels of ev chargers,0,2,0%,90
electric vehicle charging point installation,0,2,0%,91
reasons a breaker trips,0,2,0%,91
does a power strip have a surge protector,0,2,0%,92.5
what to do when your power goes out,0,2,0%,92.5
emergency electrical repair near me,0,2,0%,94
electrician emergency near me long beach,0,2,0%,95
benefits of ev charging stations,0,2,0%,95.5
emergency electrician lafayette,0,2,0%,95.5
level 2 charging speed,0,2,0%,96
200 amp panel upgrade westbrook,0,2,0%,96.5
generator installation quote,0,2,0%,97
how to hire electrician,0,2,0%,97
surge protection apple valley ca,0,2,0%,97
electrical renovation services pasadena ca,0,2,0%,98
level 2 charging,0,2,0%,99
cost to rewire a house murrieta ca,0,2,0%,99.5
ev charger installation los angeles ca,0,2,0%,99.5
electronics tips for homeowners,0,2,0%,206.5
how to remodel ev charger installation,0,2,0%,225.5
am electric,0,1,0%,1
electrical rewiring in la?,0,1,0%,1
exactly the same,0,1,0%,1
for bathroom,0,1,0%,1
how much does a contractor charge,0,1,0%,1
how much does it usually cost,0,1,0%,1
how much is a 200 amp panel,0,1,0%,1
how to rewire a house without breaking the wall,0,1,0%,1
if my electric,0,1,0%,1
panel upgrade,0,1,0%,1
poe,0,1,0%,1
power maintenance,0,1,0%,1
replacing an old unit,0,1,0%,1
yam+electrical,0,1,0%,1
1650 square feet,0,1,0%,2
a fan,0,1,0%,2
as off 2026,0,1,0%,2
do tesla charging cables go bad,0,1,0%,2
how much install tesla charger at home,0,1,0%,2
in california,0,1,0%,2
los angeles california,0,1,0%,2
tesla electrician near me,0,1,0%,2
tesla home charger installers near me,0,1,0%,2
tesla recommended electricians,0,1,0%,2
what are the other requirements,0,1,0%,2
yes,0,1,0%,2
yes stove,0,1,0%,2
洛杉矶,0,1,0%,2
at home,0,1,0%,3
electrical safety inspection,0,1,0%,3
how about in los angeles?,0,1,0%,3
how much does a 15 amp circuit breaker cost,0,1,0%,3
panel,0,1,0%,3
yes and cost,0,1,0%,3
amy electrics,0,1,0%,4
i'm in los angeles,0,1,0%,4
price for electrical panel upgrade,0,1,0%,4
would i need a permit?,0,1,0%,4
24 hour electric company,0,1,0%,5
amyfamily,0,1,0%,5
electrician near me within 1 mi,0,1,0%,5
ev charging providers in los angeles that handle calevip rebates,0,1,0%,5
how much is an emergency electrician,0,1,0%,5
is it cheaper to have a gas or electric car,0,1,0%,5
price?,0,1,0%,5
the yes,0,1,0%,5
美国洛杉矶,0,1,0%,5
answer,0,1,0%,6
how much will it charge,0,1,0%,6
los angeles electrical panel upgrade cost 200 amp 2026,0,1,0%,6
unincorporated california,0,1,0%,6
90047,0,1,0%,7
amj electricians van nuys address,0,1,0%,7
beverly hills house rewire,0,1,0%,7
los angeles,0,1,0%,7
same day electric,0,1,0%,7
seaside ca,0,1,0%,7
california,0,1,0%,8
electrical repairs near me open now,0,1,0%,8
is it grandfathered,0,1,0%,8
"is it which licensed electricians near encino and van nuys specialize in 
full home rewiring?",0,1,0%,8
ladwp ev charger rebate residential 2026,0,1,0%,8
91344,0,1,0%,9
commercial ev charger installers in glendale with full-service operation,0,1,0%,9
electrician vs handyman,0,1,0%,9
"north hills, ca 91343",0,1,0%,9
when was the law changed,0,1,0%,9
"""central city electric"" 90210 electrician",0,1,0%,10
california 2025 electrical code effective january 1 2026 official,0,1,0%,10
"is it which contractors handle whole-house electrical rewiring, including 
permits and inspections, in los angeles?",0,1,0%,10
moving up,0,1,0%,10
price,0,1,0%,10
sump pump,0,1,0%,10
200,0,1,0%,11
24/7 emergency power repair,0,1,0%,11
elctricians near me,0,1,0%,11
unlicensed electrical work,0,1,0%,11
is it electrical rewiring in la?,0,1,0%,12
ladwp ev charger rebate amount 2026,0,1,0%,12
amy's electrics,0,1,0%,13
cadillac lyriq,0,1,0%,13
can you rewire a house without opening walls,0,1,0%,14
new,0,1,0%,14
residential rewiring,0,1,0%,14
ami installation near me,0,1,0%,15
tesla wall charger vs others,0,1,0%,15
emergency electrical,0,1,0%,16
24-hour emergency electrician,0,1,0%,17
panel upgrade and rewiring,0,1,0%,17
ladwp rebate ev,0,1,0%,18
tesla ev charger installers,0,1,0%,18
can you rewire a house without removing plaster,0,1,0%,19
can you upgrade an electrical panel without rewiring the house,0,1,0%,20
tesla charger vs j1772,0,1,0%,20
wallbox vs tesla charger,0,1,0%,21
qualified electricians,0,1,0%,22
electrical repairs los angeles,0,1,0%,23
ev charging los angeles,0,1,0%,23
average cost to install dedicated circuit,0,1,0%,24
charger connections,0,1,0%,24
current california electrical code,0,1,0%,24
electric repair service los angeles,0,1,0%,24
electrical safety check price,0,1,0%,24
tesla wall connector alternative,0,1,0%,24
ca electrical code,0,1,0%,25
how much does an electrical survey cost,0,1,0%,25
is tesla wall connector worth it,0,1,0%,25
what ev charging plans do electric utilities in southern california provide?,0,1,0%,25
whole-home rewires,0,1,0%,25
24 hour electrician,0,1,0%,26
dwp electric car charging,0,1,0%,26
electrical panel installation near me,0,1,0%,26
electrical repair hollywood,0,1,0%,26
mr electric of woodland hills,0,1,0%,26
dedicated circuit cost,0,1,0%,27
advantages of tesla wall connector,0,1,0%,28
grizzle vs tesla charger,0,1,0%,28
is tesla wall charger worth it,0,1,0%,28
residential electrician santa monica,0,1,0%,28
universal wall connector vs wall connector,0,1,0%,28
up electricians santa monica,0,1,0%,28
amma electric,0,1,0%,29
electrical inspection,0,1,0%,29
electricity provider woodland hills ca,0,1,0%,29
"licensed electrician los angeles, ca",0,1,0%,29
electrical repairs in los angeles,0,1,0%,30
tesla wallbox,0,1,0%,30
how do you rewire a house without removing drywall,0,1,0%,31
can you rewire a house without removing walls,0,1,0%,32
does a range need to be afci protected,0,1,0%,33
how much does a electrical certificate cost,0,1,0%,33
how much is an electrical safety check,0,1,0%,33
is the tesla wall connector worth it,0,1,0%,33
upgrade electrical wiring,0,1,0%,33
electrical permit los angeles,0,1,0%,34
tesla wall charger vs universal,0,1,0%,34
tesla wall connector for business,0,1,0%,34
electrical code updates burbank,0,1,0%,35
medium voltage electrical services los angeles,0,1,0%,35
commercial building electrical work,0,1,0%,36
ev charger installation cost savings,0,1,0%,36
gfci protection for wet environments,0,1,0%,36
electrical panel upgrades los angeles,0,1,0%,37
electrical services burbank,0,1,0%,37
los angeles main panel upgrade,0,1,0%,37
emergency electricians in los angeles,0,1,0%,38
200-a,0,1,0%,39
certified electricians los angeles ca,0,1,0%,39
cost to install generator transfer switch,0,1,0%,39
chargepoint home flex vs tesla universal wall connector,0,1,0%,40
electric santa monica,0,1,0%,40
tesla charger connector type,0,1,0%,40
chargepoint vs tesla home charger,0,1,0%,41
cost of electrical safety check,0,1,0%,41
home generator installation,0,1,0%,41
tesla wall charger installers,0,1,0%,41
electrical check cost,0,1,0%,42
electrical safety report cost,0,1,0%,42
200 amps panel cost,0,1,0%,43
alternatives to tesla wall charger,0,1,0%,43
how much does electrical inspection cost,0,1,0%,43
what to do power cut,0,1,0%,44
electrical contractors santa monica,0,1,0%,45
electrical safety check cost,0,1,0%,45
replacement panel installation in culver city ca,0,1,0%,45
apartment electrician los angeles,0,1,0%,46
chargepoint vs tesla charger,0,1,0%,46
commercial electrical code requirements,0,1,0%,46
electricity safety check cost,0,1,0%,46
hardwired evse,0,1,0%,46
how much does an electrical safety check cost,0,1,0%,46
100a vs 200a service,0,1,0%,47
ceiling fan with installation,0,1,0%,47
electrical testing cost,0,1,0%,47
los angeles electrical panel upgrade,0,1,0%,47
ascani electric,0,1,0%,48
electrical inspector cost,0,1,0%,48
electrician near 6534 camellia ave north hollywood ca 91606,0,1,0%,48
commercial electrical contractors in los angeles,0,1,0%,49
does a range need to be gfci protected,0,1,0%,49
electrical changes,0,1,0%,49
los angeles gas and electric,0,1,0%,49
tesla charger installation victorville,0,1,0%,49
cost for electrical inspection,0,1,0%,50
electrician canoga park,0,1,0%,50
select electricians,0,1,0%,50
difference between 100 and 200 amp panel,0,1,0%,51
electric inspection cost,0,1,0%,51
tesla certified charger installer,0,1,0%,51
knob and tube wiring replacement,0,1,0%,52
replacement panel installation in beverly hills,0,1,0%,52
amity electric,0,1,0%,53
electrical inspection report cost,0,1,0%,53
tesla charger install,0,1,0%,53
circuit breaker with test button keeps tripping,0,1,0%,54
commercial electrical installation regulations,0,1,0%,54
what is the differences between gfci and afci receptacles,0,1,0%,54
emi electric,0,1,0%,55
how much does an esa inspection cost,0,1,0%,55
same day ceiling fan installation,0,1,0%,55
sunset canyon home electrician,0,1,0%,55
which electric,0,1,0%,55
hardwire vs plug in ev charger,0,1,0%,56
home electrical inspection near me,0,1,0%,56
tesla wall charger installer near me,0,1,0%,56
tesla wall chargers,0,1,0%,56
what does gfci protected mean,0,1,0%,56
what would cause multiple breakers to trip,0,1,0%,56
100a panel vs 200a panel,0,1,0%,57
electrician glendale ca,0,1,0%,57
what to do in a power cut,0,1,0%,57
average tesla charger installation cost,0,1,0%,58
breaker keeps tripping electrician seattle,0,1,0%,58
burbank electrical,0,1,0%,58
burnt electrical panel,0,1,0%,58
electrical panel upgrade red oak,0,1,0%,58
how much for an electrical safety certificate,0,1,0%,58
tesla wall connector ev charger,0,1,0%,58
what does gfci protect against,0,1,0%,58
breaker trips randomly,0,1,0%,59
esa inspection fees,0,1,0%,59
hardwired charger,0,1,0%,59
load center upgrade,0,1,0%,59
electrician to install level 2 charger,0,1,0%,60
breaker tripping randomly,0,1,0%,61
breaker trips immediately,0,1,0%,61
cheap tesla charger installation,0,1,0%,61
circuit breakers tripping,0,1,0%,61
commercial electrician services los angeles ca,0,1,0%,61
electric repair service pasadena ca,0,1,0%,61
ul field inspection cost,0,1,0%,61
circuit breaker keeps tripping how to fix,0,1,0%,62
electrician north hollywood ca,0,1,0%,62
electricians in burbank ca,0,1,0%,62
main breaker tripping randomly,0,1,0%,62
tesla wall connector installation san jose,0,1,0%,62
200 amp service upgrade price,0,1,0%,64
2025 california electrical code effective january 1 2026 official,0,1,0%,64
electrician in glendale,0,1,0%,64
latest electrical regulations,0,1,0%,64
level 2 charger hardwired vs plug-in,0,1,0%,64
ceiling fan installation charges,0,1,0%,65
circuit breaker constantly tripping,0,1,0%,65
commercial electrical installers los angeles ca,0,1,0%,65
how many levels of ev chargers are there,0,1,0%,65
how to prevent electrical fire,0,1,0%,65
signs you need an electrical panel upgrade,0,1,0%,65
what does a gfci do osha 10,0,1,0%,65
burbank electricians,0,1,0%,66
difference between 100 amp and 200 amp electrical panel,0,1,0%,66
ladwp electric vehicle rebate,0,1,0%,66
level 1 and level 2 ev chargers,0,1,0%,66
power route electric,0,1,0%,66
average cost to install tesla charger,0,1,0%,67
ceiling fan installation electrician,0,1,0%,67
do i need a qualified electrician,0,1,0%,67
electricians glendale,0,1,0%,67
ev charger hardwired vs plug in,0,1,0%,67
main breaker tripping,0,1,0%,67
why do my breakers keep tripping,0,1,0%,67
will a bad circuit breaker always trip,0,1,0%,67
home ev charger installer los angeles ca,0,1,0%,68
how many miles per hour does a level 1 charger get,0,1,0%,68
multiple circuit breakers tripping,0,1,0%,68
24 hour electrician el segundo ca,0,1,0%,69
ame electric inc,0,1,0%,69
benefits of residential ev charging,0,1,0%,69
breaker randomly tripped once,0,1,0%,69
electrical code compliance,0,1,0%,69
electrical panel upgrade near los angeles ca,0,1,0%,69
electrical shut down,0,1,0%,69
electrical socket replacement pasadena ca,0,1,0%,69
electrician for tesla charger installation,0,1,0%,69
electrician sherman oaks ca,0,1,0%,69
gmc ev charging installation,0,1,0%,69
house circuit breaker keeps tripping,0,1,0%,69
how to know if power strip is surge protector,0,1,0%,69
how to tell if power strip has surge protection,0,1,0%,69
level 2 charger hardwired vs plug in,0,1,0%,69
ups vs surge protector vs power strip,0,1,0%,69
why does my bathroom breaker keep tripping,0,1,0%,69
breaker keep tripping,0,1,0%,70
hardwired vs plug in level 2 charger,0,1,0%,70
hollywood electrician,0,1,0%,70
how to know if power strip has surge protection,0,1,0%,70
what causes a breaker to go bad,0,1,0%,70
average cost to upgrade electrical panel to 200 amps,0,1,0%,72
breaker tripping,0,1,0%,72
circuit breaker keeps turning off,0,1,0%,72
commercial electrician services burbank,0,1,0%,72
ev charging benefits,0,1,0%,72
full rewire & partial rewires,0,1,0%,72
hard wired car charger,0,1,0%,72
living room breaker keeps tripping,0,1,0%,72
one breaker keeps tripping,0,1,0%,72
what causes circuit breakers to trip,0,1,0%,72
what is a level 3 ev charger,0,1,0%,72
what to do if your breaker keeps tripping,0,1,0%,72
whole house surge protection poway ca,0,1,0%,72
why breakers trip,0,1,0%,72
210-ahmy,0,1,0%,73
average cost of electrical inspection,0,1,0%,73
breakers keep tripping in house,0,1,0%,73
commercial electrician beverly hills,0,1,0%,73
cost to replace 200 amp panel,0,1,0%,73
electrician with lifetime warranty,0,1,0%,73
emergency electrical repair agoura hills,0,1,0%,73
gfci power strip vs surge protector,0,1,0%,73
hard wired vs plug in,0,1,0%,73
how much should an electrical inspection cost,0,1,0%,73
level 1 chargers,0,1,0%,73
my breaker keeps tripping,0,1,0%,73
what would cause main breaker to trip,0,1,0%,73
commercial electric phone number,0,1,0%,74
commercial electrical solutions los angeles ca,0,1,0%,74
cost of electrical inspection on home,0,1,0%,74
electrical installation requirements,0,1,0%,74
home surge protector install downey,0,1,0%,74
level 2 vs level 3 ev charger,0,1,0%,74
southern california electrician worker attorney,0,1,0%,74
surge protection installation ca,0,1,0%,74
tripping circuit breakers,0,1,0%,74
breaker keeps popping,0,1,0%,75